Batch Status,Cycle End Time,DataLabel,Program Number
FAILED,2019-01-09 09:42:00,1,8
OK,2019-01-09 11:30:00,2,8
OK,2019-01-09 12:32:00,3,3
OK,2019-01-09 14:00:00,4,11
OK,2019-01-09 16:10:00,5,10
FAILED,2019-01-09 16:44:00,6,4
OK,2019-01-10 09:36:00,7,5
OK,2019-01-10 11:08:00,8,6
OK,2019-01-10 13:26:00,9,7
OK,2019-01-10 14:55:00,10,20
OK,2019-01-10 16:07:00,11,20
Emergency Failure,2019-01-11 08:16:00,12,20
OK,2019-01-11 09:33:00,13,20
OK,2019-01-11 14:08:00,14,9
FAILED,2019-01-11 16:48:00,15,7
Maintenance,2019-01-14 15:05:00,16,1
Maintenance,2019-01-14 16:04:00,17,2
FAILED,2019-01-15 10:20:00,18,11
OK,2019-01-15 11:22:00,19,11
OK,2019-01-15 12:28:00,20,9
OK,2019-01-15 13:35:00,21,3
OK,2019-01-15 14:59:00,22,10
OK,2019-01-15 16:59:00,23,5
OK,2019-01-16 09:50:00,24,4
OK,2019-01-16 15:51:00,25,6
Emergency Failure,2019-01-17 08:35:00,26,20
OK,2019-01-17 11:26:00,27,20
OK,2019-01-17 15:23:00,28,20
Maintenance,2019-01-23 08:40:00,29,1
Maintenance,2019-01-23 09:17:00,30,1
Maintenance,2019-01-23 10:10:00,31,2
Emergency Failure,2019-01-23 10:16:00,32,20
Emergency Failure,2019-01-23 10:16:00,33,20
OK,2019-01-23 15:04:00,34,20
FAILED,2019-09-26 18:16:00,35,9
Maintenance,2019-09-27 11:57:00,36,1
Maintenance,2019-09-27 12:55:00,37,2
FAILED,2019-09-27 15:59:00,38,8
FAILED,2019-09-27 16:34:00,39,8
Maintenance,2019-09-28 11:40:00,40,1
OK,2019-09-28 14:03:00,41,3
OK,2019-09-30 13:13:00,42,4
OK,2019-09-30 14:14:00,43,8
OK,2019-09-30 16:29:00,44,4
OK,2019-09-30 17:39:00,45,8
FAILED,2019-09-30 18:35:00,46,11
FAILED,2019-10-01 11:49:00,47,11
OK,2019-10-01 12:56:00,48,5
OK,2019-10-01 15:37:00,49,7
OK,2019-10-01 17:21:00,50,6
OK,2019-10-01 18:24:00,51,9
FAILED,2019-10-03 17:21:00,52,10
Maintenance,2019-10-04 14:09:00,53,1
OK,2019-10-04 17:07:00,54,3
OK,2019-10-08 12:53:00,55,10
Emergency Failure,2019-10-08 13:15:00,56,20
OK,2019-10-09 14:47:00,57,20
OK,2019-10-09 17:19:00,58,12
Maintenance,2019-10-10 11:36:00,59,1
OK,2019-11-14 12:18:00,60,12
OK,2019-11-14 13:24:00,61,12
OK,2019-12-12 12:36:00,62,11
OK,2019-12-12 14:35:00,63,5
OK,2019-12-14 11:56:00,64,3
OK,2019-12-14 14:15:00,65,3
Maintenance,2019-12-16 10:15:00,66,1
OK,2019-12-16 12:38:00,67,3
FAILED,2019-12-16 15:45:00,68,13
Maintenance,2019-12-17 09:55:00,69,1
OK,2019-12-17 10:52:00,70,12
OK,2019-12-17 13:51:00,71,3
OK,2019-12-17 15:19:00,72,13
OK,2019-12-18 11:21:00,73,3
OK,2019-12-18 13:59:00,74,5
OK,2019-12-19 13:49:00,75,13
FAILED,2019-12-20 11:31:00,76,13
OK,2019-12-21 10:42:00,77,13
OK,2019-12-23 16:54:00,78,5
Maintenance,2019-12-24 09:15:00,79,1
OK,2019-12-24 11:05:00,80,5
OK,2019-12-24 14:01:00,81,13
OK,2019-12-26 14:12:00,82,3
FAILED,2019-12-30 17:16:00,83,5
OK,2019-12-31 10:51:00,84,5
OK,2019-12-31 13:16:00,85,3
OK,2020-01-01 13:04:00,86,5
OK,2020-01-01 15:28:00,87,14
OK,2020-01-02 14:45:00,88,5
OK,2020-01-02 19:01:00,89,5
OK,2020-01-04 07:39:00,90,5
OK,2020-01-04 10:09:00,91,13
OK,2020-01-04 14:38:00,92,13
OK,2020-01-07 18:05:00,93,5
OK,2020-01-09 11:20:00,94,5
OK,2020-01-09 13:48:00,95,5
OK,2020-01-10 12:36:00,96,5
OK,2020-01-13 13:19:00,97,3
OK,2020-01-13 14:42:00,98,15
OK,2020-01-13 18:18:00,99,16
OK,2020-01-15 18:13:00,100,17
OK,2020-01-16 17:44:00,101,17
Maintenance,2020-01-18 16:29:00,102,1
OK,2020-01-18 17:28:00,103,12
FAILED,2020-01-18 20:47:00,104,17
Maintenance,2020-01-20 13:18:00,105,1
FAILED,2020-01-20 18:00:00,106,12
Maintenance,2020-01-21 08:04:00,107,1
OK,2020-01-21 09:32:00,108,12
OK,2020-01-21 14:54:00,109,17
FAILED,2020-01-21 21:37:00,110,17
Maintenance,2020-01-22 10:51:00,111,1
OK,2020-01-22 11:57:00,112,12
OK,2020-01-22 18:03:00,113,17
Maintenance,2020-01-23 13:22:00,114,1
OK,2020-01-23 14:23:00,115,12
Maintenance,2020-01-24 09:08:00,116,1
OK,2020-01-24 09:59:00,117,12
OK,2020-01-24 15:05:00,118,17
FAILED,2020-01-24 18:26:00,119,17
FAILED,2020-01-25 14:08:00,120,17
OK,2020-01-25 16:42:00,121,11
OK,2020-01-25 20:31:00,122,17
FAILED,2020-01-27 13:15:00,123,17
OK,2020-01-28 12:33:00,124,17
OK,2020-01-28 15:32:00,125,17
OK,2020-01-28 19:23:00,126,17
Maintenance,2020-01-30 13:04:00,127,1
OK,2020-01-30 15:32:00,128,12
Maintenance,2020-01-31 09:27:00,129,1
OK,2020-01-31 10:19:00,130,12
OK,2020-01-31 15:15:00,131,17
FAILED,2020-01-31 18:25:00,132,17
Maintenance,2020-02-01 19:32:00,133,1
Maintenance,2020-02-03 09:50:00,134,1
FAILED,2020-02-03 11:26:00,135,12
Maintenance,2020-02-03 21:12:00,136,1
FAILED,2020-02-04 14:13:00,137,11
Maintenance,2020-02-04 16:35:00,138,1
OK,2020-02-04 21:13:00,139,17
FAILED,2020-02-05 14:45:00,140,3
FAILED,2020-02-05 19:35:00,141,3
OK,2020-02-06 14:52:00,142,3
OK,2020-02-06 18:21:00,143,3
FAILED,2020-02-07 15:09:00,144,5
FAILED,2020-02-08 18:26:00,145,17
Maintenance,2020-02-10 10:33:00,146,1
FAILED,2020-02-10 11:32:00,147,11
OK,2020-02-10 13:06:00,148,11
OK,2020-02-11 16:31:00,149,11
OK,2020-02-11 21:16:00,150,17
Maintenance,2020-02-12 21:13:00,151,1
Maintenance,2020-02-13 09:50:00,152,1
OK,2020-02-13 11:18:00,153,12
OK,2020-02-13 20:53:00,154,11
OK,2020-02-15 11:35:00,155,12
OK,2020-02-15 12:33:00,156,12
OK,2020-02-15 13:35:00,157,12
FAILED,2020-02-15 14:37:00,158,11
FAILED,2020-02-15 15:22:00,159,11
FAILED,2020-02-15 15:51:00,160,11
OK,2020-02-15 16:58:00,161,11
FAILED,2020-02-15 20:00:00,162,5
Emergency Failure,2020-02-16 08:48:00,163,2
Emergency Failure,2020-02-16 10:09:00,164,2
Maintenance,2020-02-16 12:14:00,165,2
OK,2020-02-16 14:13:00,166,5
Maintenance,2020-02-17 09:16:00,167,1
OK,2020-02-17 10:15:00,168,12
OK,2020-02-17 12:21:00,169,5
OK,2020-02-17 14:32:00,170,5
OK,2020-02-17 16:22:00,171,5
OK,2020-02-17 19:34:00,172,17
OK,2020-02-18 00:00:00,173,17
OK,2020-02-18 04:01:00,174,17
Maintenance,2020-02-18 09:27:00,175,1
OK,2020-02-18 10:26:00,176,12
OK,2020-02-18 13:40:00,177,17
OK,2020-02-18 16:56:00,178,17
OK,2020-02-18 19:45:00,179,17
OK,2020-02-18 22:35:00,180,17
OK,2020-02-19 01:19:00,181,17
OK,2020-02-19 04:26:00,182,17
Maintenance,2020-02-19 09:03:00,183,1
OK,2020-02-19 10:15:00,184,12
OK,2020-02-19 12:53:00,185,17
OK,2020-02-19 16:07:00,186,17
OK,2020-02-19 18:55:00,187,17
OK,2020-02-19 23:04:00,188,17
OK,2020-02-20 01:48:00,189,17
OK,2020-02-20 04:52:00,190,17
Maintenance,2020-02-20 09:01:00,191,1
OK,2020-02-20 10:21:00,192,12
OK,2020-02-20 13:32:00,193,17
OK,2020-02-20 16:22:00,194,17
FAILED,2020-02-20 17:43:00,195,17
Emergency Failure,2020-02-20 18:38:00,196,2
Emergency Failure,2020-02-20 20:04:00,197,2
Emergency Failure,2020-02-21 09:53:00,198,2
Emergency Failure,2020-02-21 11:41:00,199,2
Emergency Failure,2020-02-21 13:10:00,200,2
Emergency Failure,2020-02-21 14:53:00,201,2
Maintenance,2020-02-21 17:08:00,202,2
Emergency Failure,2020-02-22 01:45:00,203,2
Emergency Failure,2020-02-22 03:57:00,204,2
Emergency Failure,2020-02-22 09:39:00,205,2
Maintenance,2020-02-22 10:44:00,206,2
Emergency Failure,2020-02-22 11:37:00,207,2
Maintenance,2020-02-22 13:17:00,208,2
Maintenance,2020-02-22 14:18:00,209,2
Maintenance,2020-02-22 17:44:00,210,1
OK,2020-02-22 18:45:00,211,12
FAILED,2020-02-22 20:56:00,212,17
Emergency Failure,2020-02-23 10:18:00,213,1
Maintenance,2020-02-23 12:35:00,214,2
Maintenance,2020-02-23 14:01:00,215,1
OK,2020-02-23 16:46:00,216,11
FAILED,2020-02-23 18:50:00,217,17
Maintenance,2020-02-24 07:36:00,218,1
OK,2020-02-24 08:34:00,219,12
FAILED,2020-02-24 11:34:00,220,17
OK,2020-02-24 13:51:00,221,17
OK,2020-02-24 16:24:00,222,17
OK,2020-02-24 18:52:00,223,17
Maintenance,2020-02-25 01:37:00,224,1
OK,2020-02-25 02:41:00,225,12
FAILED,2020-02-25 04:57:00,226,8
FAILED,2020-02-25 09:47:00,227,8
OK,2020-02-25 12:07:00,228,17
FAILED,2020-02-25 22:10:00,229,17
Maintenance,2020-02-26 12:23:00,230,2
Maintenance,2020-02-26 14:24:00,231,1
OK,2020-02-26 15:29:00,232,12
FAILED,2020-02-26 17:23:00,233,17
FAILED,2020-02-26 19:09:00,234,11
OK,2020-02-26 20:38:00,235,11
Maintenance,2020-02-27 04:01:00,236,1
OK,2020-02-27 04:53:00,237,12
OK,2020-02-27 07:07:00,238,17
Maintenance,2020-02-27 10:44:00,239,2
Maintenance,2020-02-27 11:36:00,240,1
OK,2020-02-27 12:53:00,241,12
OK,2020-02-27 16:12:00,242,17
Maintenance,2020-02-28 09:10:00,243,2
Maintenance,2020-02-28 09:58:00,244,1
OK,2020-02-28 10:58:00,245,12
OK,2020-02-28 15:36:00,246,17
OK,2020-02-28 17:52:00,247,17
Maintenance,2020-02-29 08:18:00,248,2
Maintenance,2020-02-29 08:57:00,249,1
OK,2020-02-29 09:52:00,250,12
OK,2020-02-29 14:07:00,251,17
OK,2020-02-29 16:48:00,252,17
OK,2020-02-29 19:24:00,253,17
OK,2020-02-29 21:57:00,254,17
OK,2020-03-01 10:45:00,255,12
Maintenance,2020-03-02 10:12:00,256,1
OK,2020-03-02 17:02:00,257,12
OK,2020-03-03 15:25:00,258,12
OK,2020-03-04 12:50:00,259,12
OK,2020-03-05 13:28:00,260,12
OK,2020-03-06 19:14:00,261,17
Maintenance,2020-03-08 17:54:00,262,1
OK,2020-03-08 19:00:00,263,12
OK,2020-03-08 22:26:00,264,17
OK,2020-03-09 08:17:00,265,12
OK,2020-03-09 14:17:00,266,14
OK,2020-03-09 17:59:00,267,14
OK,2020-03-10 10:04:00,268,12
FAILED,2020-03-10 11:57:00,269,8
FAILED,2020-03-10 12:42:00,270,8
OK,2020-03-10 14:06:00,271,8
Maintenance,2020-03-14 16:47:00,272,2
Maintenance,2020-03-14 17:33:00,273,1
OK,2020-03-14 18:27:00,274,12
OK,2020-03-14 22:30:00,275,17
OK,2020-03-15 01:43:00,276,17
OK,2020-03-15 11:42:00,277,17
Maintenance,2020-03-16 09:57:00,278,1
OK,2020-03-16 10:54:00,279,12
OK,2020-03-17 10:10:00,280,12
OK,2020-03-17 11:48:00,281,11
OK,2020-03-17 13:30:00,282,8
OK,2020-03-18 12:05:00,283,12
OK,2020-03-23 10:01:00,284,11
OK,2020-03-23 13:08:00,285,17
Maintenance,2020-03-23 13:54:00,286,1
OK,2020-03-24 02:07:00,287,17
OK,2020-03-24 04:17:00,288,8
Maintenance,2020-03-26 04:17:00,289,2
Maintenance,2020-03-26 04:53:00,290,1
OK,2020-03-26 05:43:00,291,12
OK,2020-03-26 13:33:00,292,17
OK,2020-03-26 16:21:00,293,17
OK,2020-03-26 23:46:00,294,11
OK,2020-03-27 04:23:00,295,17
FAILED,2020-03-28 08:05:00,296,11
OK,2020-03-28 09:30:00,297,11
OK,2020-03-28 12:31:00,298,17
Maintenance,2020-03-28 17:24:00,299,1
OK,2020-03-28 18:19:00,300,12
OK,2020-03-28 19:32:00,301,12
OK,2020-03-28 20:16:00,302,12
OK,2020-03-28 22:40:00,303,17
OK,2020-03-29 01:08:00,304,17
OK,2020-03-29 03:26:00,305,17
OK,2020-03-29 05:38:00,306,17
Maintenance,2020-03-29 06:53:00,307,2
Maintenance,2020-03-29 08:24:00,308,1
OK,2020-03-29 09:08:00,309,12
OK,2020-03-29 12:59:00,310,17
OK,2020-03-29 15:19:00,311,17
OK,2020-03-29 17:41:00,312,17
OK,2020-03-29 20:59:00,313,17
OK,2020-03-29 23:06:00,314,17
OK,2020-03-30 01:29:00,315,17
Maintenance,2020-03-30 04:21:00,316,2
OK,2020-03-30 05:57:00,317,12
OK,2020-03-30 12:15:00,318,17
OK,2020-03-30 15:41:00,319,17
OK,2020-03-30 19:03:00,320,17
Maintenance,2020-03-31 02:22:00,321,2
Maintenance,2020-03-31 03:05:00,322,1
OK,2020-03-31 03:58:00,323,12
OK,2020-03-31 05:23:00,324,8
OK,2020-03-31 09:06:00,325,17
OK,2020-03-31 13:56:00,326,17
OK,2020-03-31 16:46:00,327,17
OK,2020-03-31 19:29:00,328,17
OK,2020-03-31 21:56:00,329,17
OK,2020-04-01 00:41:00,330,17
Maintenance,2020-04-01 03:35:00,331,2
Maintenance,2020-04-01 04:19:00,332,1
OK,2020-04-01 05:15:00,333,12
OK,2020-04-01 06:40:00,334,8
OK,2020-04-01 09:45:00,335,17
OK,2020-04-01 11:59:00,336,17
OK,2020-04-01 14:10:00,337,17
Maintenance,2020-04-02 07:40:00,338,2
Maintenance,2020-04-02 08:18:00,339,1
OK,2020-04-02 10:22:00,340,12
OK,2020-04-02 13:09:00,341,17
OK,2020-04-02 15:39:00,342,17
OK,2020-04-02 18:10:00,343,17
Maintenance,2020-04-03 09:00:00,344,2
Maintenance,2020-04-03 09:45:00,345,1
OK,2020-04-03 10:38:00,346,12
FAILED,2020-04-03 11:50:00,347,11
OK,2020-04-03 13:09:00,348,11
OK,2020-04-03 14:48:00,349,11
Maintenance,2020-04-06 07:35:00,350,2
Maintenance,2020-04-06 08:19:00,351,1
OK,2020-04-06 09:16:00,352,12
OK,2020-04-06 13:21:00,353,17
OK,2020-04-06 18:31:00,354,17
Maintenance,2020-04-07 07:23:00,355,2
Maintenance,2020-04-07 08:07:00,356,1
OK,2020-04-07 08:58:00,357,12
OK,2020-04-07 14:46:00,358,17
FAILED,2020-04-07 18:14:00,359,17
OK,2020-04-07 20:29:00,360,17
OK,2020-04-07 22:03:00,361,8
Maintenance,2020-04-08 08:26:00,362,2
Maintenance,2020-04-08 09:05:00,363,1
OK,2020-04-08 10:20:00,364,12
OK,2020-04-08 15:22:00,365,17
OK,2020-04-08 21:00:00,366,17
Maintenance,2020-04-09 07:28:00,367,2
Maintenance,2020-04-09 08:05:00,368,1
OK,2020-04-09 08:55:00,369,12
OK,2020-04-09 15:41:00,370,17
OK,2020-04-09 18:36:00,371,17
Maintenance,2020-04-13 07:45:00,372,1
OK,2020-04-14 08:29:00,373,12
OK,2020-04-14 12:38:00,374,12
Maintenance,2020-04-15 12:35:00,375,2
Maintenance,2020-04-20 07:16:00,376,1
Maintenance,2020-04-20 20:41:00,377,2
Maintenance,2020-04-21 03:24:00,378,2
Maintenance,2020-04-21 04:03:00,379,1
OK,2020-04-21 04:59:00,380,12
OK,2020-04-21 06:41:00,381,12
OK,2020-04-21 13:12:00,382,17
OK,2020-04-21 16:12:00,383,17
OK,2020-04-21 18:18:00,384,17
OK,2020-04-21 19:46:00,385,8
Maintenance,2020-04-22 01:21:00,386,2
Maintenance,2020-04-22 01:57:00,387,1
OK,2020-04-22 07:34:00,388,17
OK,2020-04-22 12:52:00,389,17
Maintenance,2020-04-23 03:19:00,390,2
Maintenance,2020-04-23 10:16:00,391,1
OK,2020-04-23 11:13:00,392,12
FAILED,2020-04-23 22:20:00,393,16
Maintenance,2020-04-24 01:05:00,394,2
Maintenance,2020-04-24 01:51:00,395,1
OK,2020-04-24 03:31:00,396,12
OK,2020-04-24 08:16:00,397,16
OK,2020-04-24 13:48:00,398,16
OK,2020-04-24 22:46:00,399,16
Maintenance,2020-04-25 01:05:00,400,2
Maintenance,2020-04-25 01:52:00,401,1
OK,2020-04-25 02:52:00,402,12
OK,2020-04-25 09:37:00,403,17
OK,2020-04-25 12:20:00,404,17
OK,2020-04-25 15:06:00,405,17
OK,2020-04-25 17:22:00,406,17
OK,2020-04-25 19:31:00,407,17
OK,2020-04-25 21:35:00,408,17
Maintenance,2020-04-26 02:29:00,409,2
Maintenance,2020-04-26 03:08:00,410,1
OK,2020-04-26 04:09:00,411,12
OK,2020-04-26 07:46:00,412,17
OK,2020-04-26 10:37:00,413,17
OK,2020-04-26 12:45:00,414,17
OK,2020-04-26 14:56:00,415,17
OK,2020-04-26 17:09:00,416,16
OK,2020-04-26 19:51:00,417,16
Maintenance,2020-04-27 02:10:00,418,2
Maintenance,2020-04-27 02:49:00,419,1
OK,2020-04-27 03:49:00,420,12
FAILED,2020-04-27 06:54:00,421,17
OK,2020-04-27 20:29:00,422,16
Maintenance,2020-04-28 02:42:00,423,2
Maintenance,2020-04-28 03:23:00,424,1
OK,2020-04-28 04:22:00,425,12
OK,2020-04-28 08:18:00,426,17
OK,2020-04-28 10:37:00,427,17
OK,2020-04-28 12:52:00,428,17
OK,2020-04-28 15:28:00,429,17
OK,2020-04-28 17:52:00,430,17
OK,2020-04-28 20:06:00,431,17
OK,2020-04-28 22:17:00,432,16
OK,2020-04-28 23:55:00,433,8
Maintenance,2020-04-29 02:31:00,434,2
Maintenance,2020-04-29 03:15:00,435,1
OK,2020-04-29 04:29:00,436,12
OK,2020-04-29 07:26:00,437,17
OK,2020-04-29 11:22:00,438,17
OK,2020-04-29 14:10:00,439,17
OK,2020-04-29 16:36:00,440,17
OK,2020-04-29 19:13:00,441,17
OK,2020-04-29 22:08:00,442,16
Maintenance,2020-04-30 02:33:00,443,2
Maintenance,2020-04-30 03:14:00,444,1
OK,2020-04-30 04:13:00,445,12
OK,2020-04-30 05:04:00,446,12
OK,2020-04-30 07:39:00,447,17
OK,2020-04-30 10:35:00,448,17
OK,2020-04-30 12:41:00,449,17
OK,2020-04-30 15:03:00,450,17
OK,2020-04-30 17:44:00,451,17
OK,2020-04-30 19:55:00,452,17
FAILED,2020-04-30 23:10:00,453,16
OK,2020-05-01 01:27:00,454,16
Maintenance,2020-05-01 04:13:00,455,1
OK,2020-05-01 04:59:00,456,12
OK,2020-05-01 07:31:00,457,17
OK,2020-05-01 10:27:00,458,17
OK,2020-05-01 12:46:00,459,17
OK,2020-05-01 15:04:00,460,17
OK,2020-05-01 17:31:00,461,17
OK,2020-05-01 19:58:00,462,17
OK,2020-05-01 21:56:00,463,8
Maintenance,2020-05-02 03:19:00,464,2
Maintenance,2020-05-02 03:59:00,465,1
OK,2020-05-02 04:48:00,466,12
OK,2020-05-02 08:07:00,467,17
OK,2020-05-02 10:46:00,468,17
OK,2020-05-02 13:09:00,469,17
Maintenance,2020-05-04 07:22:00,470,2
Maintenance,2020-05-04 08:10:00,471,1
OK,2020-05-04 12:48:00,472,12
OK,2020-05-04 15:24:00,473,16
OK,2020-05-04 18:17:00,474,17
Maintenance,2020-05-05 07:58:00,475,1
OK,2020-05-05 08:52:00,476,12
OK,2020-05-05 14:15:00,477,17
OK,2020-05-05 17:00:00,478,17
OK,2020-05-05 19:44:00,479,17
OK,2020-05-05 21:31:00,480,8
OK,2020-05-05 23:48:00,481,16
Maintenance,2020-05-06 10:34:00,482,2
Maintenance,2020-05-06 11:14:00,483,1
OK,2020-05-06 12:47:00,484,12
OK,2020-05-06 15:22:00,485,8
OK,2020-05-06 17:11:00,486,8
OK,2020-05-06 19:04:00,487,8
OK,2020-05-06 20:46:00,488,8
Maintenance,2020-05-07 07:30:00,489,2
Maintenance,2020-05-07 08:17:00,490,1
OK,2020-05-07 09:18:00,491,12
FAILED,2020-05-07 11:35:00,492,16
FAILED,2020-05-07 13:29:00,493,16
OK,2020-05-07 16:44:00,494,16
FAILED,2020-05-07 18:07:00,495,11
OK,2020-05-07 19:27:00,496,11
OK,2020-05-07 22:25:00,497,16
OK,2020-05-08 09:34:00,498,12
OK,2020-05-08 11:40:00,499,16
OK,2020-05-08 16:48:00,500,16
OK,2020-05-08 22:14:00,501,16
OK,2020-05-09 08:41:00,502,12
OK,2020-05-09 14:33:00,503,16
Maintenance,2020-05-11 10:52:00,504,1
OK,2020-05-11 11:50:00,505,12
OK,2020-05-11 17:21:00,506,16
OK,2020-05-12 08:24:00,507,12
OK,2020-05-12 09:55:00,508,8
OK,2020-05-12 12:45:00,509,8
OK,2020-05-12 21:38:00,510,16
Maintenance,2020-05-13 07:27:00,511,2
Maintenance,2020-05-13 08:12:00,512,1
OK,2020-05-13 09:06:00,513,12
OK,2020-05-13 09:45:00,514,12
OK,2020-05-13 11:03:00,515,12
OK,2020-05-13 13:24:00,516,17
OK,2020-05-13 16:04:00,517,17
OK,2020-05-13 18:25:00,518,17
OK,2020-05-13 20:46:00,519,16
OK,2020-05-13 23:14:00,520,16
Maintenance,2020-05-14 08:01:00,521,2
Maintenance,2020-05-14 08:39:00,522,1
OK,2020-05-14 09:25:00,523,12
OK,2020-05-14 12:55:00,524,17
OK,2020-05-14 15:14:00,525,17
OK,2020-05-14 17:58:00,526,17
OK,2020-05-14 22:01:00,527,16
Maintenance,2020-05-15 07:43:00,528,2
Maintenance,2020-05-15 08:17:00,529,1
OK,2020-05-15 09:05:00,530,12
OK,2020-05-15 19:24:00,531,16
OK,2020-05-15 22:20:00,532,16
Maintenance,2020-05-16 07:47:00,533,2
Maintenance,2020-05-16 08:22:00,534,1
OK,2020-05-16 09:09:00,535,12
OK,2020-05-16 12:26:00,536,17
OK,2020-05-16 14:54:00,537,17
OK,2020-05-16 17:28:00,538,17
OK,2020-05-16 19:51:00,539,17
Maintenance,2020-05-17 08:07:00,540,2
Maintenance,2020-05-17 08:42:00,541,1
OK,2020-05-17 09:29:00,542,12
OK,2020-05-17 11:50:00,543,17
OK,2020-05-17 13:56:00,544,17
OK,2020-05-17 16:11:00,545,16
OK,2020-05-17 18:48:00,546,16
Maintenance,2020-05-18 08:17:00,547,2
Maintenance,2020-05-18 08:54:00,548,1
OK,2020-05-18 09:51:00,549,12
FAILED,2020-05-18 10:44:00,550,11
OK,2020-05-18 11:57:00,551,11
OK,2020-05-18 14:31:00,552,16
OK,2020-05-18 16:48:00,553,16
OK,2020-05-19 07:59:00,554,12
OK,2020-05-19 09:37:00,555,8
OK,2020-05-20 09:20:00,556,12
OK,2020-05-20 14:15:00,557,16
OK,2020-05-20 17:31:00,558,16
OK,2020-05-21 15:27:00,559,12
OK,2020-05-21 19:05:00,560,16
OK,2020-05-22 10:36:00,561,12
OK,2020-05-22 16:59:00,562,16
OK,2020-05-22 20:09:00,563,16
OK,2020-05-23 07:46:00,564,12
OK,2020-05-23 14:51:00,565,16
OK,2020-05-23 20:18:00,566,16
Maintenance,2020-05-25 15:53:00,567,1
OK,2020-05-25 16:44:00,568,12
OK,2020-05-25 19:11:00,569,16
OK,2020-05-26 15:58:00,570,12
OK,2020-05-26 17:33:00,571,8
OK,2020-05-26 20:54:00,572,16
OK,2020-05-27 10:39:00,573,12
OK,2020-05-27 13:32:00,574,16
OK,2020-05-27 20:38:00,575,16
OK,2020-05-28 08:13:00,576,12
OK,2020-05-28 14:07:00,577,16
OK,2020-05-29 08:04:00,578,12
OK,2020-05-29 14:03:00,579,16
OK,2020-05-29 18:02:00,580,16
OK,2020-05-29 20:40:00,581,17
OK,2020-05-30 08:06:00,582,12
OK,2020-05-30 11:27:00,583,16
OK,2020-05-30 16:03:00,584,17
OK,2020-05-30 18:31:00,585,17
OK,2020-05-30 21:07:00,586,16
OK,2020-05-30 23:38:00,587,16
OK,2020-05-31 04:09:00,588,12
OK,2020-05-31 08:00:00,589,17
OK,2020-05-31 16:47:00,590,16
Maintenance,2020-06-01 12:05:00,591,1
OK,2020-06-01 12:58:00,592,12
OK,2020-06-01 19:07:00,593,16
OK,2020-06-02 07:30:00,594,12
OK,2020-06-02 09:01:00,595,8
OK,2020-06-02 12:56:00,596,16
OK,2020-06-02 15:32:00,597,16
OK,2020-06-02 21:42:00,598,17
OK,2020-06-03 00:42:00,599,17
OK,2020-06-03 07:44:00,600,12
OK,2020-06-03 11:17:00,601,16
OK,2020-06-03 14:51:00,602,16
OK,2020-06-03 20:29:00,603,16
OK,2020-06-04 08:52:00,604,12
OK,2020-06-04 14:33:00,605,16
OK,2020-06-04 22:12:00,606,16
OK,2020-06-05 07:05:00,607,12
OK,2020-06-05 17:28:00,608,16
OK,2020-06-06 10:02:00,609,12
OK,2020-06-06 12:21:00,610,17
OK,2020-06-07 15:19:00,611,16
OK,2020-06-07 17:50:00,612,16
Maintenance,2020-06-08 07:30:00,613,1
OK,2020-06-08 10:01:00,614,12
OK,2020-06-08 13:14:00,615,16
OK,2020-06-08 17:36:00,616,17
OK,2020-06-09 09:43:00,617,12
OK,2020-06-09 11:10:00,618,8
OK,2020-06-09 18:10:00,619,16
OK,2020-06-10 00:29:00,620,16
OK,2020-06-10 08:34:00,621,12
OK,2020-06-10 20:24:00,622,16
OK,2020-06-11 08:21:00,623,12
OK,2020-06-11 18:53:00,624,16
OK,2020-06-11 21:20:00,625,17
OK,2020-06-12 00:17:00,626,16
OK,2020-06-12 12:48:00,627,17
OK,2020-06-12 19:14:00,628,16
OK,2020-06-12 21:54:00,629,16
OK,2020-06-13 09:19:00,630,12
OK,2020-06-13 14:04:00,631,17
OK,2020-06-13 17:09:00,632,16
OK,2020-06-13 20:22:00,633,16
OK,2020-06-14 08:46:00,634,12
OK,2020-06-14 11:08:00,635,16
OK,2020-06-15 12:02:00,636,12
OK,2020-06-15 14:33:00,637,16
OK,2020-06-15 20:31:00,638,16
OK,2020-06-15 22:53:00,639,16
OK,2020-06-16 08:29:00,640,12
OK,2020-06-16 10:02:00,641,8
OK,2020-06-16 12:25:00,642,17
OK,2020-06-16 20:29:00,643,16
OK,2020-06-16 22:53:00,644,16
OK,2020-06-17 08:33:00,645,12
OK,2020-06-17 14:57:00,646,16
OK,2020-06-18 10:20:00,647,12
OK,2020-06-18 13:21:00,648,16
OK,2020-06-18 17:17:00,649,17
OK,2020-06-19 09:50:00,650,12
OK,2020-06-19 12:56:00,651,16
OK,2020-06-19 17:36:00,652,16
OK,2020-06-19 19:52:00,653,16
OK,2020-06-20 10:07:00,654,12
OK,2020-06-20 12:59:00,655,17
OK,2020-06-20 15:54:00,656,17
OK,2020-06-20 19:20:00,657,16
OK,2020-06-21 10:14:00,658,12
OK,2020-06-21 14:17:00,659,17
OK,2020-06-21 17:26:00,660,16
OK,2020-06-21 20:35:00,661,16
OK,2020-06-22 08:31:00,662,12
Maintenance,2020-06-22 10:31:00,663,1
OK,2020-06-22 14:10:00,664,17
OK,2020-06-22 17:25:00,665,16
OK,2020-06-22 19:57:00,666,16
OK,2020-06-23 08:10:00,667,12
OK,2020-06-23 10:18:00,668,8
OK,2020-06-23 13:03:00,669,17
OK,2020-06-23 17:55:00,670,16
OK,2020-06-23 20:43:00,671,17
OK,2020-06-24 07:32:00,672,12
FAILED,2020-06-24 10:21:00,673,17
OK,2020-06-24 12:45:00,674,17
OK,2020-06-24 15:05:00,675,17
OK,2020-06-24 18:07:00,676,16
OK,2020-06-24 22:33:00,677,16
OK,2020-06-25 08:33:00,678,12
OK,2020-06-25 14:31:00,679,16
OK,2020-06-25 17:23:00,680,17
OK,2020-06-25 19:45:00,681,16
OK,2020-06-26 19:29:00,682,16
OK,2020-06-27 07:57:00,683,12
OK,2020-06-27 10:16:00,684,16
OK,2020-06-27 14:03:00,685,16
OK,2020-06-27 21:50:00,686,16
OK,2020-06-29 08:49:00,687,12
Maintenance,2020-06-29 11:48:00,688,1
OK,2020-06-29 14:19:00,689,16
OK,2020-06-29 16:51:00,690,16
OK,2020-06-30 09:04:00,691,12
OK,2020-06-30 13:47:00,692,16
OK,2020-06-30 15:41:00,693,8
OK,2020-07-01 09:27:00,694,12
OK,2020-07-01 11:50:00,695,16
OK,2020-07-01 13:44:00,696,8
OK,2020-07-01 18:50:00,697,16
OK,2020-07-01 21:00:00,698,17
OK,2020-07-02 08:22:00,699,12
OK,2020-07-02 12:31:00,700,16
OK,2020-07-02 17:35:00,701,17
OK,2020-07-02 21:05:00,702,16
OK,2020-07-02 23:37:00,703,16
OK,2020-07-03 08:17:00,704,12
OK,2020-07-03 12:44:00,705,16
OK,2020-07-03 16:04:00,706,17
OK,2020-07-04 10:15:00,707,12
Maintenance,2020-07-04 14:32:00,708,2
OK,2020-07-05 11:36:00,709,12
OK,2020-07-05 14:41:00,710,16
OK,2020-07-05 17:41:00,711,16
Maintenance,2020-07-06 07:23:00,712,1
OK,2020-07-06 09:23:00,713,12
OK,2020-07-06 14:37:00,714,17
OK,2020-07-06 17:13:00,715,16
OK,2020-07-07 08:49:00,716,12
OK,2020-07-07 10:14:00,717,8
OK,2020-07-07 13:44:00,718,17
OK,2020-07-07 16:18:00,719,17
OK,2020-07-07 18:52:00,720,16
OK,2020-07-07 22:09:00,721,16
OK,2020-07-08 08:29:00,722,12
OK,2020-07-08 12:48:00,723,16
OK,2020-07-08 15:50:00,724,16
OK,2020-07-09 08:51:00,725,12
OK,2020-07-09 19:00:00,726,16
OK,2020-07-09 21:12:00,727,17
OK,2020-07-10 08:41:00,728,12
OK,2020-07-10 19:18:00,729,16
OK,2020-07-10 21:27:00,730,17
OK,2020-07-11 08:34:00,731,12
OK,2020-07-11 10:35:00,732,17
OK,2020-07-11 12:50:00,733,17
OK,2020-07-11 16:01:00,734,16
OK,2020-07-11 19:16:00,735,16
OK,2020-07-12 11:07:00,736,12
OK,2020-07-12 15:28:00,737,17
OK,2020-07-12 18:19:00,738,16
OK,2020-07-12 21:03:00,739,17
Maintenance,2020-07-13 07:56:00,740,1
OK,2020-07-13 08:54:00,741,12
OK,2020-07-13 19:39:00,742,16
OK,2020-07-14 09:58:00,743,12
OK,2020-07-14 12:26:00,744,16
OK,2020-07-14 14:46:00,745,16
OK,2020-07-14 18:23:00,746,16
OK,2020-07-14 20:32:00,747,17
OK,2020-07-14 22:04:00,748,8
OK,2020-07-15 09:40:00,749,12
OK,2020-07-15 20:58:00,750,16
OK,2020-07-16 08:26:00,751,12
OK,2020-07-16 13:01:00,752,17
OK,2020-07-16 15:16:00,753,17
OK,2020-07-16 17:54:00,754,16
OK,2020-07-17 08:32:00,755,12
OK,2020-07-17 14:24:00,756,16
OK,2020-07-17 16:33:00,757,16
OK,2020-07-17 19:23:00,758,17
Maintenance,2020-07-20 08:45:00,759,1
OK,2020-07-20 10:35:00,760,12
OK,2020-07-20 13:48:00,761,16
OK,2020-07-20 17:41:00,762,16
OK,2020-07-20 21:20:00,763,16
OK,2020-07-20 23:32:00,764,17
OK,2020-07-21 09:42:00,765,12
OK,2020-07-21 11:25:00,766,8
OK,2020-07-21 18:01:00,767,17
OK,2020-07-22 09:42:00,768,12
OK,2020-07-22 12:08:00,769,16
OK,2020-07-22 14:33:00,770,16
OK,2020-07-22 20:51:00,771,16
OK,2020-07-23 09:58:00,772,12
OK,2020-07-23 20:04:00,773,16
OK,2020-07-24 09:35:00,774,12
OK,2020-07-24 11:57:00,775,17
OK,2020-07-24 19:09:00,776,16
OK,2020-07-25 09:23:00,777,12
OK,2020-07-25 19:12:00,778,16
OK,2020-07-25 21:41:00,779,16
Maintenance,2020-07-27 09:24:00,780,1
OK,2020-07-27 10:58:00,781,12
OK,2020-07-27 13:49:00,782,16
OK,2020-07-27 18:15:00,783,16
OK,2020-07-27 20:59:00,784,16
OK,2020-07-27 23:40:00,785,16
OK,2020-07-31 09:44:00,786,12
OK,2020-07-31 12:40:00,787,16
OK,2020-07-31 14:21:00,788,8
OK,2020-07-31 17:05:00,789,17
OK,2020-07-31 19:41:00,790,16
OK,2020-07-31 22:19:00,791,17
OK,2020-08-01 08:52:00,792,12
OK,2020-08-01 11:14:00,793,8
OK,2020-08-02 08:33:00,794,12
OK,2020-08-02 10:55:00,795,16
OK,2020-08-02 16:21:00,796,16
Maintenance,2020-08-03 08:13:00,797,1
OK,2020-08-03 09:12:00,798,12
OK,2020-08-03 20:40:00,799,16
OK,2020-08-03 23:08:00,800,17
OK,2020-08-04 09:56:00,801,12
OK,2020-08-04 12:28:00,802,17
OK,2020-08-04 14:08:00,803,8
OK,2020-08-04 17:14:00,804,17
OK,2020-08-04 19:58:00,805,16
OK,2020-08-04 22:12:00,806,16
OK,2020-08-05 09:54:00,807,12
OK,2020-08-05 12:43:00,808,16
OK,2020-08-05 15:39:00,809,16
OK,2020-08-05 19:41:00,810,17
OK,2020-08-06 11:46:00,811,12
OK,2020-08-06 14:17:00,812,17
OK,2020-08-06 20:49:00,813,16
OK,2020-08-07 08:14:00,814,12
OK,2020-08-07 13:49:00,815,16
OK,2020-08-07 18:03:00,816,16
OK,2020-08-08 07:53:00,817,12
OK,2020-08-08 11:08:00,818,16
OK,2020-08-09 10:48:00,819,12
OK,2020-08-09 12:52:00,820,17
Maintenance,2020-08-10 07:55:00,821,1
OK,2020-08-10 08:48:00,822,12
OK,2020-08-10 10:55:00,823,17
OK,2020-08-11 08:27:00,824,12
OK,2020-08-11 10:03:00,825,8
OK,2020-08-11 14:28:00,826,16
OK,2020-08-11 17:47:00,827,17
OK,2020-08-12 08:16:00,828,12
FAILED,2020-08-12 10:01:00,829,16
OK,2020-08-12 13:16:00,830,16
Maintenance,2020-08-13 08:50:00,831,2
Maintenance,2020-08-13 09:38:00,832,1
OK,2020-08-13 10:41:00,833,12
FAILED,2020-08-13 14:13:00,834,21
OK,2020-08-13 15:49:00,835,11
OK,2020-08-13 18:23:00,836,16
FAILED,2020-08-13 20:47:00,837,21
OK,2020-08-14 09:08:00,838,12
OK,2020-08-14 13:26:00,839,16
FAILED,2020-08-14 15:40:00,840,21
OK,2020-08-14 17:08:00,841,12
OK,2020-08-14 18:33:00,842,12
OK,2020-08-15 14:32:00,843,12
OK,2020-08-16 10:00:00,844,12
OK,2020-08-16 12:50:00,845,16
OK,2020-08-16 15:43:00,846,16
Maintenance,2020-08-17 07:17:00,847,1
OK,2020-08-17 10:28:00,848,12
FAILED,2020-08-17 13:54:00,849,21
OK,2020-08-17 16:22:00,850,16
FAILED,2020-08-17 18:45:00,851,21
OK,2020-08-17 21:38:00,852,16
OK,2020-08-18 07:54:00,853,12
OK,2020-08-18 10:01:00,854,8
FAILED,2020-08-18 12:30:00,855,21
OK,2020-08-18 15:29:00,856,21
OK,2020-08-18 19:37:00,857,21
OK,2020-08-18 23:45:00,858,21
OK,2020-08-19 07:28:00,859,12
OK,2020-08-19 10:14:00,860,16
OK,2020-08-19 13:37:00,861,21
OK,2020-08-19 20:15:00,862,16
OK,2020-08-19 23:33:00,863,21
OK,2020-08-20 08:13:00,864,12
OK,2020-08-20 13:11:00,865,21
OK,2020-08-20 16:21:00,866,21
OK,2020-08-20 19:46:00,867,16
OK,2020-08-20 23:32:00,868,21
OK,2020-08-21 08:49:00,869,12
OK,2020-08-21 11:39:00,870,16
OK,2020-08-21 14:54:00,871,21
OK,2020-08-21 18:44:00,872,21
OK,2020-08-21 21:58:00,873,16
OK,2020-08-22 08:53:00,874,12
OK,2020-08-22 11:07:00,875,12
FAILED,2020-08-22 11:52:00,876,17
FAILED,2020-08-22 18:08:00,877,16
OK,2020-08-23 15:09:00,878,12
Maintenance,2020-08-24 09:57:00,879,1
OK,2020-08-24 12:46:00,880,12
Maintenance,2020-08-24 13:22:00,881,1
OK,2020-08-24 15:52:00,882,16
OK,2020-08-24 20:44:00,883,21
OK,2020-08-25 08:14:00,884,12
OK,2020-08-25 09:45:00,885,8
OK,2020-08-25 15:13:00,886,16
OK,2020-08-25 18:20:00,887,16
OK,2020-08-25 21:13:00,888,16
OK,2020-08-26 08:17:00,889,12
OK,2020-08-26 12:27:00,890,16
OK,2020-08-27 08:24:00,891,12
OK,2020-08-27 18:56:00,892,21
OK,2020-08-27 21:23:00,893,16
OK,2020-08-28 08:44:00,894,12
OK,2020-08-28 16:23:00,895,16
OK,2020-08-28 19:55:00,896,21
OK,2020-08-28 23:29:00,897,16
OK,2020-08-29 09:38:00,898,12
OK,2020-08-29 19:33:00,899,16
Maintenance,2020-08-31 08:12:00,900,1
OK,2020-08-31 09:09:00,901,12
OK,2020-08-31 21:43:00,902,16
OK,2020-09-01 08:45:00,903,12
OK,2020-09-01 12:12:00,904,8
OK,2020-09-01 16:03:00,905,16
OK,2020-09-02 09:53:00,906,12
OK,2020-09-02 18:06:00,907,16
OK,2020-09-02 20:40:00,908,16
OK,2020-09-03 10:13:00,909,12
OK,2020-09-04 20:29:00,910,16
Maintenance,2020-09-07 07:10:00,911,1
OK,2020-09-07 08:24:00,912,12
OK,2020-09-07 11:06:00,913,16
OK,2020-09-07 14:01:00,914,16
OK,2020-09-07 17:09:00,915,16
OK,2020-09-08 17:16:00,916,12
OK,2020-09-08 18:56:00,917,8
OK,2020-09-09 08:41:00,918,12
OK,2020-09-09 13:35:00,919,16
OK,2020-09-10 09:34:00,920,12
OK,2020-09-10 14:26:00,921,16
OK,2020-09-10 18:47:00,922,16
OK,2020-09-12 10:56:00,923,12
OK,2020-09-12 14:50:00,924,16
Maintenance,2020-09-14 09:50:00,925,1
OK,2020-09-14 10:40:00,926,12
OK,2020-09-14 13:31:00,927,16
OK,2020-09-14 16:02:00,928,16
OK,2020-09-15 08:38:00,929,12
OK,2020-09-15 10:13:00,930,8
FAILED,2020-09-15 12:54:00,931,17
OK,2020-09-16 15:41:00,932,12
OK,2020-09-16 21:19:00,933,16
OK,2020-09-17 09:28:00,934,12
OK,2020-09-17 11:44:00,935,17
OK,2020-09-17 16:58:00,936,16
OK,2020-09-18 09:45:00,937,12
OK,2020-09-18 15:22:00,938,16
OK,2020-09-19 10:54:00,939,12
OK,2020-09-19 15:25:00,940,17
OK,2020-09-19 19:03:00,941,17
Maintenance,2020-09-21 08:28:00,942,2
Maintenance,2020-09-21 09:16:00,943,1
OK,2020-09-21 10:19:00,944,12
OK,2020-09-21 16:03:00,945,17
OK,2020-09-21 20:50:00,946,16
OK,2020-09-21 23:09:00,947,16
OK,2020-09-22 08:20:00,948,12
OK,2020-09-22 09:48:00,949,8
FAILED,2020-09-22 11:45:00,950,16
OK,2020-09-22 17:44:00,951,17
OK,2020-09-22 21:20:00,952,16
Maintenance,2020-09-23 13:12:00,953,2
Maintenance,2020-09-23 13:48:00,954,1
OK,2020-09-23 15:14:00,955,12
OK,2020-09-23 15:56:00,956,12
OK,2020-09-23 18:44:00,957,17
OK,2020-09-23 21:07:00,958,17
Maintenance,2020-09-24 08:12:00,959,2
Maintenance,2020-09-24 08:52:00,960,1
OK,2020-09-24 13:18:00,961,17
OK,2020-09-24 16:14:00,962,17
OK,2020-09-24 21:11:00,963,17
FAILED,2020-09-25 07:47:00,964,16
OK,2020-09-25 11:13:00,965,12
FAILED,2020-09-25 12:20:00,966,16
OK,2020-09-25 14:50:00,967,16
OK,2020-09-25 19:39:00,968,16
Maintenance,2020-09-26 12:33:00,969,2
Maintenance,2020-09-26 13:14:00,970,1
OK,2020-09-26 14:11:00,971,12
OK,2020-09-26 17:13:00,972,17
OK,2020-09-26 20:49:00,973,17
Maintenance,2020-09-28 08:55:00,974,2
Maintenance,2020-09-28 09:36:00,975,1
OK,2020-09-28 10:26:00,976,12
OK,2020-09-28 13:18:00,977,16
OK,2020-09-28 19:43:00,978,17
OK,2020-09-28 22:03:00,979,16
Maintenance,2020-09-29 08:37:00,980,2
Maintenance,2020-09-29 09:18:00,981,1
OK,2020-09-29 10:06:00,982,12
OK,2020-09-29 12:32:00,983,16
OK,2020-09-29 14:44:00,984,16
OK,2020-09-29 17:29:00,985,17
OK,2020-09-29 19:29:00,986,8
OK,2020-09-29 22:24:00,987,16
Maintenance,2020-09-30 15:02:00,988,2
Maintenance,2020-09-30 15:41:00,989,1
OK,2020-09-30 16:32:00,990,12
OK,2020-09-30 19:20:00,991,17
OK,2020-09-30 21:44:00,992,17
OK,2020-10-01 08:47:00,993,12
OK,2020-10-01 11:04:00,994,8
OK,2020-10-01 15:28:00,995,16
OK,2020-10-01 17:49:00,996,16
OK,2020-10-01 20:32:00,997,17
OK,2020-10-01 23:21:00,998,16
Maintenance,2020-10-02 10:34:00,999,2
Maintenance,2020-10-02 11:14:00,1000,1
OK,2020-10-02 14:14:00,1001,12
OK,2020-10-02 16:51:00,1002,17
OK,2020-10-05 12:14:00,1003,12
OK,2020-10-05 16:03:00,1004,16
OK,2020-10-05 19:14:00,1005,16
OK,2020-10-05 21:35:00,1006,16
OK,2020-10-06 08:34:00,1007,12
OK,2020-10-06 10:00:00,1008,8
OK,2020-10-06 14:32:00,1009,16
OK,2020-10-07 08:48:00,1010,12
OK,2020-10-07 13:54:00,1011,17
OK,2020-10-08 08:35:00,1012,12
OK,2020-10-08 13:51:00,1013,17
OK,2020-10-08 16:54:00,1014,16
OK,2020-10-08 19:19:00,1015,16
OK,2020-10-08 22:17:00,1016,16
Maintenance,2020-10-09 09:40:00,1017,2
Maintenance,2020-10-09 10:30:00,1018,1
OK,2020-10-09 11:53:00,1019,12
OK,2020-10-09 16:11:00,1020,21
OK,2020-10-09 20:56:00,1021,21
OK,2020-10-10 14:22:00,1022,12
OK,2020-10-10 17:42:00,1023,21
OK,2020-10-10 20:37:00,1024,17
OK,2020-10-10 23:23:00,1025,16
Maintenance,2020-10-12 09:16:00,1026,1
Maintenance,2020-10-12 10:11:00,1027,2
OK,2020-10-12 11:04:00,1028,12
OK,2020-10-12 13:51:00,1029,16
OK,2020-10-12 20:18:00,1030,21
OK,2020-10-12 22:54:00,1031,16
Maintenance,2020-10-13 08:38:00,1032,2
Maintenance,2020-10-13 09:16:00,1033,1
OK,2020-10-13 10:03:00,1034,12
OK,2020-10-13 12:11:00,1035,16
OK,2020-10-13 16:48:00,1036,8
OK,2020-10-13 21:19:00,1037,16
OK,2020-10-14 09:11:00,1038,12
OK,2020-10-14 12:34:00,1039,17
OK,2020-10-14 15:36:00,1040,17
OK,2020-10-14 18:23:00,1041,17
OK,2020-10-14 21:30:00,1042,17
OK,2020-10-15 10:42:00,1043,12
OK,2020-10-15 18:31:00,1044,16
OK,2020-10-15 23:49:00,1045,17
OK,2020-10-16 10:27:00,1046,12
OK,2020-10-16 13:52:00,1047,16
OK,2020-10-16 18:42:00,1048,16
OK,2020-10-16 21:06:00,1049,17
OK,2020-10-16 23:29:00,1050,17
Maintenance,2020-10-17 15:37:00,1051,2
Maintenance,2020-10-17 16:20:00,1052,1
OK,2020-10-17 17:10:00,1053,12
OK,2020-10-17 20:14:00,1054,17
OK,2020-10-17 22:31:00,1055,17
OK,2020-10-18 09:31:00,1056,12
OK,2020-10-18 15:19:00,1057,17
Maintenance,2020-10-19 08:39:00,1058,1
OK,2020-10-19 09:32:00,1059,12
OK,2020-10-19 13:05:00,1060,16
OK,2020-10-19 18:00:00,1061,16
OK,2020-10-19 21:20:00,1062,16
OK,2020-10-20 08:48:00,1063,12
OK,2020-10-20 10:49:00,1064,8
OK,2020-10-20 15:11:00,1065,16
OK,2020-10-20 18:00:00,1066,16
OK,2020-10-20 20:30:00,1067,17
OK,2020-10-21 09:09:00,1068,12
OK,2020-10-21 18:20:00,1069,16
OK,2020-10-21 22:35:00,1070,17
OK,2020-10-22 09:11:00,1071,12
OK,2020-10-22 11:52:00,1072,17
OK,2020-10-22 15:16:00,1073,17
OK,2020-10-22 18:36:00,1074,16
OK,2020-10-22 21:39:00,1075,17
OK,2020-10-23 08:23:00,1076,12
OK,2020-10-23 11:06:00,1077,17
OK,2020-10-23 14:55:00,1078,17
OK,2020-10-23 17:29:00,1079,16
OK,2020-10-23 20:31:00,1080,17
OK,2020-10-23 22:54:00,1081,16
OK,2020-10-24 09:57:00,1082,12
FAILED,2020-10-24 12:35:00,1083,17
OK,2020-10-24 14:53:00,1084,17
OK,2020-10-24 19:57:00,1085,17
OK,2020-10-24 22:10:00,1086,17
Maintenance,2020-10-26 09:28:00,1087,1
OK,2020-10-26 10:32:00,1088,12
OK,2020-10-26 12:38:00,1089,17
OK,2020-10-26 15:43:00,1090,16
OK,2020-10-26 18:35:00,1091,16
OK,2020-10-27 08:41:00,1092,12
OK,2020-10-27 11:43:00,1093,17
OK,2020-10-27 15:29:00,1094,16
OK,2020-10-27 18:16:00,1095,8
OK,2020-10-29 08:35:00,1096,12
OK,2020-10-29 11:53:00,1097,16
OK,2020-10-29 14:12:00,1098,16
OK,2020-10-29 16:39:00,1099,17
OK,2020-10-30 07:40:00,1100,12
OK,2020-10-30 10:33:00,1101,17
OK,2020-10-30 17:12:00,1102,16
OK,2020-10-30 21:23:00,1103,16
OK,2020-10-31 00:06:00,1104,17
OK,2020-10-31 08:58:00,1105,12
OK,2020-10-31 11:58:00,1106,16
OK,2020-10-31 14:55:00,1107,16
OK,2020-10-31 20:05:00,1108,16
OK,2020-11-01 11:14:00,1109,12
OK,2020-11-01 13:26:00,1110,8
OK,2020-11-01 15:45:00,1111,17
Maintenance,2020-11-02 09:09:00,1112,1
OK,2020-11-02 10:18:00,1113,12
OK,2020-11-02 12:46:00,1114,16
OK,2020-11-02 17:42:00,1115,16
OK,2020-11-03 08:11:00,1116,12
OK,2020-11-03 10:23:00,1117,16
OK,2020-11-03 13:04:00,1118,17
OK,2020-11-03 15:27:00,1119,17
OK,2020-11-03 18:14:00,1120,16
OK,2020-11-03 20:53:00,1121,16
OK,2020-11-03 22:55:00,1122,8
OK,2020-11-04 08:33:00,1123,12
OK,2020-11-04 10:39:00,1124,17
OK,2020-11-04 15:25:00,1125,17
OK,2020-11-04 19:03:00,1126,17
OK,2020-11-04 21:56:00,1127,16
OK,2020-11-05 09:43:00,1128,12
OK,2020-11-05 12:29:00,1129,16
OK,2020-11-05 18:02:00,1130,16
FAILED,2020-11-05 20:40:00,1131,16
OK,2020-11-06 15:17:00,1132,12
OK,2020-11-06 17:37:00,1133,16
OK,2020-11-06 20:16:00,1134,16
OK,2020-11-06 22:45:00,1135,16
OK,2020-11-07 01:21:00,1136,12
OK,2020-11-07 03:30:00,1137,17
OK,2020-11-07 06:01:00,1138,17
OK,2020-11-07 11:45:00,1139,16
OK,2020-11-08 10:09:00,1140,12
OK,2020-11-08 12:44:00,1141,16
OK,2020-11-08 15:47:00,1142,16
OK,2020-11-09 08:37:00,1143,12
Maintenance,2020-11-09 14:17:00,1144,1
OK,2020-11-09 16:33:00,1145,16
OK,2020-11-09 19:23:00,1146,16
OK,2020-11-09 22:05:00,1147,17
OK,2020-11-10 00:28:00,1148,16
OK,2020-11-10 08:34:00,1149,12
OK,2020-11-10 11:09:00,1150,17
OK,2020-11-10 13:12:00,1151,8
FAILED,2020-11-10 15:50:00,1152,21
FAILED,2020-11-10 19:35:00,1153,21
OK,2020-11-10 22:05:00,1154,16
OK,2020-11-11 08:37:00,1155,12
OK,2020-11-11 10:56:00,1156,17
FAILED,2020-11-11 18:26:00,1157,16
OK,2020-11-11 23:17:00,1158,16
OK,2020-11-12 09:41:00,1159,12
OK,2020-11-12 12:20:00,1160,16
OK,2020-11-12 15:06:00,1161,16
OK,2020-11-12 18:07:00,1162,16
OK,2020-11-12 20:40:00,1163,16
OK,2020-11-13 00:27:00,1164,16
OK,2020-11-13 16:59:00,1165,12
OK,2020-11-13 19:21:00,1166,16
OK,2020-11-13 22:07:00,1167,16
OK,2020-11-14 11:30:00,1168,12
OK,2020-11-14 15:59:00,1169,17
OK,2020-11-14 18:50:00,1170,16
OK,2020-11-14 21:39:00,1171,16
Maintenance,2020-11-15 08:47:00,1172,2
Maintenance,2020-11-15 09:29:00,1173,1
OK,2020-11-15 10:32:00,1174,12
OK,2020-11-15 16:03:00,1175,17
OK,2020-11-15 19:42:00,1176,17
Maintenance,2020-11-16 09:51:00,1177,1
OK,2020-11-16 10:42:00,1178,12
OK,2020-11-16 13:45:00,1179,16
FAILED,2020-11-16 16:27:00,1180,21
OK,2020-11-16 18:20:00,1181,3
OK,2020-11-16 20:32:00,1182,16
OK,2020-11-17 09:34:00,1183,12
OK,2020-11-17 11:50:00,1184,16
OK,2020-11-17 13:39:00,1185,8
OK,2020-11-17 15:49:00,1186,16
FAILED,2020-11-17 18:20:00,1187,21
FAILED,2020-11-17 21:31:00,1188,21
OK,2020-11-18 06:58:00,1189,12
OK,2020-11-18 09:29:00,1190,16
FAILED,2020-11-18 12:39:00,1191,21
OK,2020-11-18 14:43:00,1192,16
FAILED,2020-11-18 17:36:00,1193,21
OK,2020-11-18 22:36:00,1194,16
Maintenance,2020-11-19 04:37:00,1195,1
Maintenance,2020-11-19 05:29:00,1196,1
Maintenance,2020-11-19 06:18:00,1197,1
OK,2020-11-19 07:15:00,1198,12
OK,2020-11-19 08:05:00,1199,12
OK,2020-11-19 08:54:00,1200,12
OK,2020-11-19 12:30:00,1201,17
OK,2020-11-19 14:54:00,1202,17
OK,2020-11-19 17:23:00,1203,17
OK,2020-11-19 20:13:00,1204,16
OK,2020-11-19 23:05:00,1205,16
Maintenance,2020-11-20 03:43:00,1206,2
Maintenance,2020-11-20 04:37:00,1207,1
OK,2020-11-20 05:56:00,1208,12
OK,2020-11-20 09:14:00,1209,17
OK,2020-11-20 11:27:00,1210,16
OK,2020-11-20 14:16:00,1211,16
OK,2020-11-20 17:15:00,1212,17
OK,2020-11-20 20:03:00,1213,17
OK,2020-11-20 22:35:00,1214,16
Maintenance,2020-11-21 01:57:00,1215,2
OK,2020-11-21 03:29:00,1216,12
OK,2020-11-21 06:20:00,1217,17
OK,2020-11-21 08:44:00,1218,17
OK,2020-11-21 20:47:00,1219,17
OK,2020-11-22 00:05:00,1220,16
Maintenance,2020-11-22 03:03:00,1221,2
Maintenance,2020-11-22 03:46:00,1222,1
OK,2020-11-22 04:39:00,1223,12
OK,2020-11-22 07:49:00,1224,17
OK,2020-11-22 15:36:00,1225,17
Maintenance,2020-11-23 08:03:00,1226,1
OK,2020-11-23 09:01:00,1227,12
OK,2020-11-23 12:33:00,1228,16
OK,2020-11-23 14:57:00,1229,16
OK,2020-11-23 17:03:00,1230,17
OK,2020-11-23 19:29:00,1231,17
OK,2020-11-23 21:35:00,1232,16
OK,2020-11-23 23:48:00,1233,16
OK,2020-11-24 10:18:00,1234,12
OK,2020-11-24 12:38:00,1235,16
OK,2020-11-24 14:31:00,1236,8
OK,2020-11-24 19:22:00,1237,17
OK,2020-11-24 22:00:00,1238,16
OK,2020-11-25 00:17:00,1239,17
OK,2020-11-25 10:25:00,1240,12
OK,2020-11-25 12:44:00,1241,17
OK,2020-11-25 15:53:00,1242,16
OK,2020-11-25 19:07:00,1243,17
OK,2020-11-25 21:11:00,1244,17
OK,2020-11-25 23:16:00,1245,16
Maintenance,2020-11-26 00:58:00,1246,2
Maintenance,2020-11-26 01:39:00,1247,1
OK,2020-11-26 02:30:00,1248,12
OK,2020-11-26 05:30:00,1249,17
OK,2020-11-26 12:54:00,1250,16
OK,2020-11-26 15:11:00,1251,16
OK,2020-11-26 17:12:00,1252,17
OK,2020-11-26 19:34:00,1253,16
OK,2020-11-26 21:44:00,1254,16
OK,2020-11-27 02:21:00,1255,17
OK,2020-11-27 05:12:00,1256,17
Maintenance,2020-11-27 08:52:00,1257,2
OK,2020-11-27 09:37:00,1258,12
OK,2020-11-27 10:15:00,1259,12
OK,2020-11-27 12:12:00,1260,17
OK,2020-11-27 14:45:00,1261,16
OK,2020-11-27 15:30:00,1262,12
Maintenance,2020-11-27 16:08:00,1263,1
Maintenance,2020-11-27 16:46:00,1264,1
Maintenance,2020-11-27 17:23:00,1265,1
OK,2020-11-27 19:29:00,1266,17
OK,2020-11-27 22:15:00,1267,16
Maintenance,2020-11-28 01:34:00,1268,2
Maintenance,2020-11-28 02:18:00,1269,1
OK,2020-11-28 03:09:00,1270,12
OK,2020-11-28 06:32:00,1271,17
OK,2020-11-28 09:19:00,1272,17
OK,2020-11-28 13:43:00,1273,17
OK,2020-11-28 16:09:00,1274,17
OK,2020-11-28 19:00:00,1275,17
OK,2020-11-28 21:24:00,1276,17
OK,2020-11-29 00:13:00,1277,16
Maintenance,2020-11-29 01:59:00,1278,2
Maintenance,2020-11-29 02:39:00,1279,1
OK,2020-11-29 03:31:00,1280,12
OK,2020-11-29 06:30:00,1281,17
OK,2020-11-29 11:15:00,1282,17
OK,2020-11-29 13:57:00,1283,17
OK,2020-11-29 16:08:00,1284,17
OK,2020-11-29 20:26:00,1285,16
Maintenance,2020-11-30 01:16:00,1286,2
Maintenance,2020-11-30 01:55:00,1287,1
OK,2020-11-30 04:28:00,1288,12
OK,2020-11-30 05:05:00,1289,12
OK,2020-11-30 12:24:00,1290,17
OK,2020-11-30 14:56:00,1291,17
OK,2020-11-30 17:31:00,1292,17
OK,2020-11-30 20:12:00,1293,16
OK,2020-11-30 22:57:00,1294,16
OK,2020-12-01 01:05:00,1295,16
Maintenance,2020-12-01 02:06:00,1296,2
Maintenance,2020-12-01 02:46:00,1297,1
OK,2020-12-01 03:26:00,1298,12
OK,2020-12-01 05:29:00,1299,16
OK,2020-12-01 06:55:00,1300,8
FAILED,2020-12-01 10:57:00,1301,17
OK,2020-12-01 13:34:00,1302,17
OK,2020-12-01 16:12:00,1303,17
OK,2020-12-01 19:11:00,1304,17
OK,2020-12-01 21:53:00,1305,17
OK,2020-12-01 23:55:00,1306,17
Maintenance,2020-12-02 02:59:00,1307,2
Maintenance,2020-12-02 03:34:00,1308,1
OK,2020-12-02 04:21:00,1309,12
OK,2020-12-02 06:21:00,1310,17
OK,2020-12-02 08:21:00,1311,17
OK,2020-12-02 11:17:00,1312,17
OK,2020-12-02 13:59:00,1313,17
OK,2020-12-02 16:20:00,1314,17
OK,2020-12-02 19:17:00,1315,16
OK,2020-12-02 21:49:00,1316,16
OK,2020-12-02 23:52:00,1317,17
OK,2020-12-03 13:20:00,1318,12
OK,2020-12-03 15:51:00,1319,16
OK,2020-12-03 18:17:00,1320,17
OK,2020-12-03 22:34:00,1321,16
OK,2020-12-04 12:39:00,1322,12
OK,2020-12-04 16:01:00,1323,16
OK,2020-12-04 19:11:00,1324,17
OK,2020-12-04 22:10:00,1325,17
OK,2020-12-05 00:13:00,1326,17
OK,2020-12-05 09:55:00,1327,16
OK,2020-12-05 10:39:00,1328,12
OK,2020-12-05 13:12:00,1329,16
OK,2020-12-06 08:29:00,1330,12
OK,2020-12-06 10:38:00,1331,16
Maintenance,2020-12-07 08:38:00,1332,1
OK,2020-12-07 09:26:00,1333,12
OK,2020-12-07 11:25:00,1334,17
OK,2020-12-07 15:16:00,1335,16
FAILED,2020-12-07 18:45:00,1336,16
OK,2020-12-08 00:47:00,1337,12
FAILED,2020-12-08 03:34:00,1338,16
Maintenance,2020-12-08 05:17:00,1339,2
FAILED,2020-12-08 09:08:00,1340,16
OK,2020-12-08 13:44:00,1341,11
OK,2020-12-08 16:01:00,1342,16
OK,2020-12-08 18:27:00,1343,16
OK,2020-12-08 20:49:00,1344,16
OK,2020-12-08 22:38:00,1345,8
OK,2020-12-09 05:36:00,1346,12
OK,2020-12-09 08:18:00,1347,17
OK,2020-12-09 10:34:00,1348,17
FAILED,2020-12-09 12:41:00,1349,16
Maintenance,2020-12-09 14:16:00,1350,2
OK,2020-12-09 20:21:00,1351,16
OK,2020-12-09 23:34:00,1352,16
OK,2020-12-10 01:47:00,1353,12
OK,2020-12-10 03:45:00,1354,16
OK,2020-12-10 08:51:00,1355,17
OK,2020-12-10 11:13:00,1356,17
OK,2020-12-10 15:36:00,1357,17
OK,2020-12-10 18:02:00,1358,16
OK,2020-12-10 20:58:00,1359,16
OK,2020-12-10 23:19:00,1360,17
OK,2020-12-11 01:54:00,1361,16
OK,2020-12-11 03:39:00,1362,12
OK,2020-12-11 06:03:00,1363,16
OK,2020-12-11 10:26:00,1364,16
OK,2020-12-11 14:54:00,1365,17
OK,2020-12-11 19:49:00,1366,16
OK,2020-12-12 13:02:00,1367,12
OK,2020-12-12 15:10:00,1368,17
OK,2020-12-12 17:42:00,1369,17
OK,2020-12-12 21:05:00,1370,17
OK,2020-12-13 00:15:00,1371,16
OK,2020-12-13 10:18:00,1372,12
OK,2020-12-13 15:12:00,1373,16
OK,2020-12-13 21:09:00,1374,17
Maintenance,2020-12-14 04:09:00,1375,2
Maintenance,2020-12-14 05:06:00,1376,1
OK,2020-12-14 05:53:00,1377,12
OK,2020-12-14 19:21:00,1378,16
OK,2020-12-14 22:00:00,1379,16
OK,2020-12-15 00:49:00,1380,16
Maintenance,2020-12-15 02:26:00,1381,2
Maintenance,2020-12-15 03:09:00,1382,1
OK,2020-12-15 04:00:00,1383,12
OK,2020-12-15 06:07:00,1384,16
OK,2020-12-15 07:39:00,1385,8
OK,2020-12-15 14:20:00,1386,16
OK,2020-12-15 18:20:00,1387,17
OK,2020-12-16 09:09:00,1388,12
OK,2020-12-16 18:46:00,1389,16
OK,2020-12-16 21:28:00,1390,17
OK,2020-12-17 00:05:00,1391,16
OK,2020-12-17 00:52:00,1392,12
OK,2020-12-17 03:21:00,1393,16
OK,2020-12-17 15:27:00,1394,16
OK,2020-12-17 18:36:00,1395,16
OK,2020-12-17 21:26:00,1396,17
OK,2020-12-17 23:43:00,1397,16
OK,2020-12-18 10:11:00,1398,12
OK,2020-12-18 13:10:00,1399,16
OK,2020-12-18 16:53:00,1400,17
OK,2020-12-18 20:00:00,1401,17
OK,2020-12-18 22:24:00,1402,17
OK,2020-12-19 08:55:00,1403,12
OK,2020-12-19 12:05:00,1404,16
OK,2020-12-19 15:36:00,1405,17
OK,2020-12-19 17:59:00,1406,17
OK,2020-12-19 20:30:00,1407,16
OK,2020-12-19 23:54:00,1408,17
Maintenance,2020-12-20 02:55:00,1409,2
Maintenance,2020-12-20 04:24:00,1410,1
OK,2020-12-20 05:23:00,1411,12
OK,2020-12-20 08:04:00,1412,17
OK,2020-12-20 10:46:00,1413,17
OK,2020-12-20 13:33:00,1414,17
Maintenance,2020-12-21 08:14:00,1415,1
OK,2020-12-21 09:31:00,1416,12
OK,2020-12-21 11:49:00,1417,17
OK,2020-12-21 14:54:00,1418,16
OK,2020-12-21 17:17:00,1419,16
OK,2020-12-21 19:31:00,1420,17
OK,2020-12-21 23:54:00,1421,16
OK,2020-12-22 01:26:00,1422,12
OK,2020-12-22 03:29:00,1423,17
OK,2020-12-22 14:47:00,1424,16
OK,2020-12-22 17:52:00,1425,17
OK,2020-12-22 22:53:00,1426,16
OK,2020-12-23 11:10:00,1427,12
OK,2020-12-23 15:04:00,1428,17
OK,2020-12-23 20:01:00,1429,16
OK,2020-12-23 23:28:00,1430,17
OK,2020-12-24 08:05:00,1431,12
OK,2020-12-24 10:08:00,1432,17
Emergency Failure,2020-12-24 13:36:00,1433,2
OK,2020-12-24 16:37:00,1434,16
OK,2020-12-24 18:51:00,1435,16
OK,2020-12-24 21:34:00,1436,16
Maintenance,2020-12-25 07:54:00,1437,2
OK,2020-12-25 10:38:00,1438,12
OK,2020-12-25 19:43:00,1439,17
OK,2020-12-25 22:42:00,1440,16
OK,2020-12-26 08:48:00,1441,12
OK,2020-12-26 14:47:00,1442,16
OK,2020-12-26 17:09:00,1443,16
OK,2020-12-26 19:45:00,1444,17
OK,2020-12-26 21:47:00,1445,17
OK,2020-12-26 23:48:00,1446,17
OK,2020-12-27 01:46:00,1447,17
OK,2020-12-27 11:20:00,1448,12
OK,2020-12-27 14:38:00,1449,17
FAILED,2020-12-27 17:02:00,1450,17
Maintenance,2020-12-27 18:39:00,1451,2
FAILED,2020-12-27 20:41:00,1452,16
Emergency Failure,2020-12-28 08:35:00,1453,1
Emergency Failure,2020-12-28 18:34:00,1454,1
Emergency Failure,2020-12-28 20:41:00,1455,1
Maintenance,2020-12-28 22:16:00,1456,2
Maintenance,2020-12-28 22:45:00,1457,1
OK,2020-12-29 01:30:00,1458,12
Emergency Failure,2020-12-29 01:55:00,1459,1
Maintenance,2020-12-29 12:51:00,1460,1
Maintenance,2020-12-29 13:43:00,1461,1
OK,2020-12-29 16:28:00,1462,16
OK,2020-12-29 19:03:00,1463,17
OK,2020-12-29 21:13:00,1464,17
OK,2020-12-29 22:47:00,1465,8
OK,2020-12-30 00:59:00,1466,16
OK,2020-12-30 01:47:00,1467,12
OK,2020-12-30 03:56:00,1468,16
OK,2020-12-30 06:31:00,1469,16
OK,2020-12-30 11:30:00,1470,17
OK,2020-12-30 14:37:00,1471,16
OK,2020-12-30 20:16:00,1472,16
OK,2020-12-30 22:38:00,1473,16
Maintenance,2020-12-31 08:26:00,1474,1
OK,2020-12-31 09:22:00,1475,12
OK,2020-12-31 12:15:00,1476,17
OK,2020-12-31 15:24:00,1477,17
OK,2020-12-31 18:21:00,1478,16
OK,2020-12-31 20:58:00,1479,16
OK,2020-12-31 23:59:00,1480,16
OK,2021-01-01 01:03:00,1481,12
OK,2021-01-01 03:13:00,1482,16
OK,2021-01-01 05:55:00,1483,16
Maintenance,2021-01-01 07:19:00,1484,2
Maintenance,2021-01-01 07:59:00,1485,1
OK,2021-01-01 10:14:00,1486,16
OK,2021-01-01 12:42:00,1487,17
OK,2021-01-01 14:21:00,1488,8
OK,2021-01-01 18:28:00,1489,17
OK,2021-01-01 20:44:00,1490,17
OK,2021-01-01 23:23:00,1491,16
OK,2021-01-02 09:25:00,1492,12
OK,2021-01-03 10:03:00,1493,12
OK,2021-01-03 12:41:00,1494,17
OK,2021-01-03 15:18:00,1495,17
OK,2021-01-03 18:05:00,1496,16
OK,2021-01-03 20:22:00,1497,17
OK,2021-01-04 01:45:00,1498,16
OK,2021-01-04 02:41:00,1499,12
OK,2021-01-04 06:28:00,1500,16
Maintenance,2021-01-04 08:05:00,1501,1
OK,2021-01-04 10:19:00,1502,17
OK,2021-01-04 14:16:00,1503,17
OK,2021-01-04 17:18:00,1504,17
OK,2021-01-04 19:49:00,1505,17
OK,2021-01-04 22:06:00,1506,16
OK,2021-01-05 00:18:00,1507,16
OK,2021-01-05 03:53:00,1508,12
OK,2021-01-05 08:54:00,1509,16
OK,2021-01-05 10:26:00,1510,8
OK,2021-01-05 13:36:00,1511,16
OK,2021-01-05 20:13:00,1512,17
OK,2021-01-06 08:51:00,1513,12
OK,2021-01-06 11:44:00,1514,16
OK,2021-01-06 14:35:00,1515,17
OK,2021-01-06 17:14:00,1516,16
OK,2021-01-07 01:56:00,1517,12
OK,2021-01-07 05:04:00,1518,16
OK,2021-01-07 12:43:00,1519,16
OK,2021-01-07 15:02:00,1520,17
OK,2021-01-07 18:46:00,1521,16
OK,2021-01-08 03:27:00,1522,12
OK,2021-01-08 05:48:00,1523,16
OK,2021-01-08 13:42:00,1524,17
OK,2021-01-08 17:53:00,1525,16
Maintenance,2021-01-08 20:12:00,1526,2
Maintenance,2021-01-08 21:26:00,1527,1
OK,2021-01-09 01:05:00,1528,12
OK,2021-01-09 04:41:00,1529,16
Maintenance,2021-01-09 08:49:00,1530,2
Maintenance,2021-01-09 09:26:00,1531,1
OK,2021-01-09 10:17:00,1532,12
OK,2021-01-09 11:02:00,1533,12
OK,2021-01-09 11:42:00,1534,12
OK,2021-01-09 14:15:00,1535,17
OK,2021-01-09 17:16:00,1536,17
OK,2021-01-09 20:08:00,1537,17
OK,2021-01-09 23:08:00,1538,16
Maintenance,2021-01-10 01:32:00,1539,2
Maintenance,2021-01-10 02:08:00,1540,1
OK,2021-01-10 02:55:00,1541,12
OK,2021-01-10 09:23:00,1542,17
OK,2021-01-10 11:52:00,1543,17
OK,2021-01-10 15:22:00,1544,17
OK,2021-01-10 19:26:00,1545,17
OK,2021-01-10 21:32:00,1546,17
OK,2021-01-10 23:29:00,1547,17
OK,2021-01-11 01:29:00,1548,16
Maintenance,2021-01-11 02:56:00,1549,2
Maintenance,2021-01-11 03:31:00,1550,1
OK,2021-01-11 06:18:00,1551,17
OK,2021-01-11 09:18:00,1552,17
OK,2021-01-11 16:24:00,1553,17
OK,2021-01-11 19:00:00,1554,17
OK,2021-01-11 21:10:00,1555,17
OK,2021-01-11 23:23:00,1556,17
OK,2021-01-12 01:28:00,1557,17
Maintenance,2021-01-12 02:55:00,1558,2
Maintenance,2021-01-12 03:32:00,1559,1
OK,2021-01-12 04:14:00,1560,12
OK,2021-01-12 06:10:00,1561,17
OK,2021-01-12 08:51:00,1562,17
OK,2021-01-12 12:02:00,1563,17
OK,2021-01-12 17:31:00,1564,17
OK,2021-01-12 19:50:00,1565,17
OK,2021-01-12 21:24:00,1566,8
OK,2021-01-12 23:35:00,1567,17
OK,2021-01-13 01:38:00,1568,17
Maintenance,2021-01-13 03:04:00,1569,2
Maintenance,2021-01-13 04:50:00,1570,1
OK,2021-01-13 05:33:00,1571,12
OK,2021-01-13 09:11:00,1572,17
OK,2021-01-13 11:20:00,1573,17
OK,2021-01-13 13:54:00,1574,17
OK,2021-01-13 16:45:00,1575,17
OK,2021-01-13 19:11:00,1576,17
OK,2021-01-13 21:43:00,1577,17
OK,2021-01-14 01:20:00,1578,17
OK,2021-01-14 03:49:00,1579,12
OK,2021-01-14 05:46:00,1580,17
OK,2021-01-14 08:16:00,1581,16
OK,2021-01-14 10:34:00,1582,17
OK,2021-01-14 20:17:00,1583,17
OK,2021-01-15 13:51:00,1584,12
OK,2021-01-15 18:04:00,1585,16
Maintenance,2021-01-16 14:02:00,1586,2
OK,2021-01-17 01:55:00,1587,17
OK,2021-01-17 03:19:00,1588,12
OK,2021-01-17 05:29:00,1589,16
OK,2021-01-17 08:14:00,1590,16
OK,2021-01-17 16:45:00,1591,17
OK,2021-01-18 01:23:00,1592,17
Maintenance,2021-01-18 09:41:00,1593,1
OK,2021-01-18 10:45:00,1594,12
OK,2021-01-18 15:11:00,1595,16
OK,2021-01-18 17:16:00,1596,16
OK,2021-01-18 19:19:00,1597,16
OK,2021-01-18 21:22:00,1598,16
OK,2021-01-18 23:53:00,1599,17
OK,2021-01-19 02:02:00,1600,12
OK,2021-01-19 04:42:00,1601,16
OK,2021-01-19 08:52:00,1602,8
OK,2021-01-20 08:24:00,1603,12
OK,2021-01-20 11:05:00,1604,17
OK,2021-01-20 13:51:00,1605,17
OK,2021-01-20 16:02:00,1606,17
OK,2021-01-20 20:47:00,1607,17
OK,2021-01-20 22:48:00,1608,16
OK,2021-01-21 01:55:00,1609,16
OK,2021-01-21 03:01:00,1610,12
OK,2021-01-21 05:27:00,1611,17
OK,2021-01-21 15:25:00,1612,16
OK,2021-01-21 18:19:00,1613,16
OK,2021-01-21 22:37:00,1614,16
OK,2021-01-22 00:40:00,1615,12
OK,2021-01-22 03:07:00,1616,17
OK,2021-01-22 05:35:00,1617,17
OK,2021-01-22 15:21:00,1618,16
OK,2021-01-22 22:58:00,1619,17
OK,2021-01-23 01:44:00,1620,17
OK,2021-01-23 09:50:00,1621,17
OK,2021-01-23 16:47:00,1622,17
OK,2021-01-23 23:03:00,1623,16
OK,2021-01-24 01:24:00,1624,17
OK,2021-01-24 02:10:00,1625,12
OK,2021-01-24 04:41:00,1626,17
OK,2021-01-24 08:25:00,1627,16
OK,2021-01-24 12:20:00,1628,16
OK,2021-01-24 17:06:00,1629,17
Maintenance,2021-01-25 07:03:00,1630,1
OK,2021-01-25 08:47:00,1631,12
OK,2021-01-25 12:01:00,1632,16
OK,2021-01-25 14:06:00,1633,16
OK,2021-01-25 19:34:00,1634,16
OK,2021-01-25 21:51:00,1635,16
OK,2021-01-26 01:42:00,1636,17
OK,2021-01-26 02:27:00,1637,12
OK,2021-01-26 04:53:00,1638,16
OK,2021-01-26 11:17:00,1639,17
OK,2021-01-26 13:24:00,1640,17
OK,2021-01-26 16:00:00,1641,16
OK,2021-01-26 17:22:00,1642,8
OK,2021-01-26 23:52:00,1643,16
OK,2021-01-27 08:44:00,1644,12
OK,2021-01-27 19:57:00,1645,17
OK,2021-01-27 22:31:00,1646,16
OK,2021-01-28 08:25:00,1647,12
OK,2021-01-28 12:01:00,1648,16
OK,2021-01-28 14:30:00,1649,16
OK,2021-01-28 17:05:00,1650,16
OK,2021-01-28 19:36:00,1651,16
OK,2021-01-29 02:26:00,1652,12
OK,2021-01-29 04:39:00,1653,16
OK,2021-01-29 07:08:00,1654,16
OK,2021-01-29 12:01:00,1655,16
OK,2021-01-30 00:46:00,1656,12
OK,2021-01-30 02:56:00,1657,16
OK,2021-01-30 05:31:00,1658,16
OK,2021-01-30 11:31:00,1659,16
OK,2021-01-30 14:03:00,1660,17
OK,2021-01-30 16:04:00,1661,17
Maintenance,2021-02-01 05:24:00,1662,1
OK,2021-02-01 06:20:00,1663,12
OK,2021-02-01 10:11:00,1664,17
OK,2021-02-01 12:11:00,1665,17
OK,2021-02-01 14:14:00,1666,16
OK,2021-02-01 16:46:00,1667,8
OK,2021-02-01 19:36:00,1668,16
OK,2021-02-02 00:11:00,1669,17
OK,2021-02-02 00:58:00,1670,12
OK,2021-02-02 03:48:00,1671,16
OK,2021-02-02 10:19:00,1672,8
OK,2021-02-02 12:50:00,1673,16
OK,2021-02-02 18:26:00,1674,17
OK,2021-02-02 22:06:00,1675,16
OK,2021-02-03 09:07:00,1676,12
OK,2021-02-03 13:11:00,1677,16
OK,2021-02-03 17:21:00,1678,16
OK,2021-02-03 20:05:00,1679,16
OK,2021-02-03 22:23:00,1680,17
OK,2021-02-04 07:15:00,1681,12
OK,2021-02-04 09:40:00,1682,16
OK,2021-02-04 11:58:00,1683,16
OK,2021-02-04 20:59:00,1684,17
OK,2021-02-04 23:30:00,1685,17
OK,2021-02-05 01:47:00,1686,16
OK,2021-02-05 02:46:00,1687,12
OK,2021-02-05 05:25:00,1688,16
OK,2021-02-05 12:09:00,1689,16
OK,2021-02-05 14:33:00,1690,17
OK,2021-02-05 23:07:00,1691,17
OK,2021-02-06 01:14:00,1692,17
OK,2021-02-06 02:23:00,1693,12
OK,2021-02-06 04:46:00,1694,16
OK,2021-02-06 11:52:00,1695,17
OK,2021-02-07 11:35:00,1696,12
OK,2021-02-07 14:00:00,1697,17
OK,2021-02-07 18:22:00,1698,17
Maintenance,2021-02-08 07:03:00,1699,1
OK,2021-02-08 08:32:00,1700,12
OK,2021-02-08 12:48:00,1701,16
OK,2021-02-08 15:09:00,1702,16
OK,2021-02-08 18:34:00,1703,16
OK,2021-02-08 20:43:00,1704,17
OK,2021-02-08 23:25:00,1705,16
OK,2021-02-09 07:25:00,1706,12
OK,2021-02-09 12:13:00,1707,16
OK,2021-02-09 20:29:00,1708,17
OK,2021-02-09 23:06:00,1709,17
OK,2021-02-10 08:05:00,1710,12
OK,2021-02-10 10:04:00,1711,17
OK,2021-02-10 12:39:00,1712,16
OK,2021-02-10 22:23:00,1713,17
OK,2021-02-11 12:20:00,1714,16
OK,2021-02-11 14:34:00,1715,16
OK,2021-02-11 18:47:00,1716,16
OK,2021-02-11 21:10:00,1717,16
OK,2021-02-12 10:08:00,1718,12
OK,2021-02-12 12:44:00,1719,16
OK,2021-02-13 11:47:00,1720,12
OK,2021-02-13 15:28:00,1721,16
OK,2021-02-13 21:00:00,1722,16
OK,2021-02-15 10:42:00,1723,12
OK,2021-02-15 12:46:00,1724,16
OK,2021-02-15 19:07:00,1725,16
OK,2021-02-15 21:33:00,1726,16
OK,2021-02-16 10:39:00,1727,12
OK,2021-02-16 12:38:00,1728,16
OK,2021-02-16 14:46:00,1729,17
OK,2021-02-16 16:58:00,1730,17
OK,2021-02-16 18:42:00,1731,8
OK,2021-02-16 21:08:00,1732,17
OK,2021-02-16 23:36:00,1733,16
OK,2021-02-17 09:08:00,1734,12
OK,2021-02-17 20:12:00,1735,16
OK,2021-02-18 09:07:00,1736,12
OK,2021-02-18 15:55:00,1737,16
OK,2021-02-18 18:57:00,1738,16
OK,2021-02-19 09:16:00,1739,12
OK,2021-02-20 10:03:00,1740,12
OK,2021-02-20 15:44:00,1741,16
OK,2021-02-20 18:38:00,1742,17
OK,2021-02-20 21:24:00,1743,16
Maintenance,2021-02-22 10:48:00,1744,1
OK,2021-02-22 12:19:00,1745,12
OK,2021-02-22 15:46:00,1746,17
OK,2021-02-22 18:12:00,1747,16
OK,2021-02-22 21:11:00,1748,16
OK,2021-02-23 10:10:00,1749,12
OK,2021-02-23 15:07:00,1750,16
OK,2021-02-23 17:18:00,1751,16
OK,2021-02-23 18:48:00,1752,8
OK,2021-02-24 09:25:00,1753,12
OK,2021-02-24 13:28:00,1754,17
OK,2021-02-24 15:52:00,1755,17
OK,2021-02-24 18:25:00,1756,16
OK,2021-02-25 10:06:00,1757,12
OK,2021-02-25 14:23:00,1758,16
OK,2021-02-25 18:59:00,1759,16
OK,2021-02-25 21:03:00,1760,16
OK,2021-02-25 23:23:00,1761,16
OK,2021-02-26 10:05:00,1762,12
OK,2021-02-28 11:44:00,1763,12
OK,2021-02-28 14:13:00,1764,17
OK,2021-02-28 16:53:00,1765,16
Maintenance,2021-03-01 09:19:00,1766,1
OK,2021-03-01 10:17:00,1767,12
OK,2021-03-01 18:09:00,1768,16
OK,2021-03-01 21:24:00,1769,16
OK,2021-03-02 08:59:00,1770,12
OK,2021-03-02 10:28:00,1771,8
OK,2021-03-02 13:00:00,1772,16
OK,2021-03-02 15:39:00,1773,17
OK,2021-03-03 09:05:00,1774,12
OK,2021-03-03 17:54:00,1775,17
OK,2021-03-03 19:59:00,1776,17
OK,2021-03-03 22:08:00,1777,17
OK,2021-03-04 08:43:00,1778,12
OK,2021-03-04 11:55:00,1779,16
OK,2021-03-04 15:01:00,1780,17
OK,2021-03-04 19:27:00,1781,16
OK,2021-03-04 21:36:00,1782,16
OK,2021-03-05 09:51:00,1783,12
OK,2021-03-05 13:43:00,1784,16
OK,2021-03-05 18:14:00,1785,17
OK,2021-03-06 10:05:00,1786,12
OK,2021-03-07 11:34:00,1787,12
OK,2021-03-07 16:20:00,1788,17
OK,2021-03-07 18:27:00,1789,16
Maintenance,2021-03-08 09:35:00,1790,1
OK,2021-03-08 10:39:00,1791,12
OK,2021-03-08 18:32:00,1792,16
OK,2021-03-08 20:38:00,1793,16
OK,2021-03-09 09:21:00,1794,12
OK,2021-03-09 10:56:00,1795,8
OK,2021-03-09 15:01:00,1796,16
OK,2021-03-10 10:31:00,1797,12
OK,2021-03-10 15:30:00,1798,16
OK,2021-03-10 19:21:00,1799,16
Maintenance,2021-03-11 20:34:00,1800,1
OK,2021-03-12 11:02:00,1801,12
OK,2021-03-12 13:16:00,1802,16
OK,2021-03-12 16:12:00,1803,16
OK,2021-03-12 18:43:00,1804,16
OK,2021-03-13 10:55:00,1805,12
OK,2021-03-14 10:01:00,1806,12
OK,2021-03-14 16:39:00,1807,16
Maintenance,2021-03-15 12:19:00,1808,1
OK,2021-03-15 13:08:00,1809,12
OK,2021-03-15 15:31:00,1810,16
OK,2021-03-15 20:22:00,1811,16
OK,2021-03-15 23:09:00,1812,16
OK,2021-03-16 11:42:00,1813,8
OK,2021-03-17 12:21:00,1814,12
OK,2021-03-17 16:48:00,1815,16
OK,2021-03-17 20:37:00,1816,16
OK,2021-03-18 10:38:00,1817,12
OK,2021-03-18 12:54:00,1818,16
OK,2021-03-18 20:09:00,1819,16
OK,2021-03-18 23:00:00,1820,16
Maintenance,2021-03-22 18:25:00,1821,1
OK,2021-03-22 19:18:00,1822,12
OK,2021-03-22 21:28:00,1823,16
OK,2021-03-23 00:32:00,1824,16
OK,2021-03-23 02:17:00,1825,12
OK,2021-03-23 04:15:00,1826,16
OK,2021-03-23 06:46:00,1827,8
OK,2021-03-23 14:33:00,1828,16
OK,2021-03-24 16:18:00,1829,12
OK,2021-03-24 17:08:00,1830,12
OK,2021-03-24 20:06:00,1831,17
OK,2021-03-25 15:43:00,1832,12
OK,2021-03-25 17:52:00,1833,16
OK,2021-03-25 21:15:00,1834,16
OK,2021-03-25 23:31:00,1835,16
OK,2021-03-26 01:36:00,1836,16
OK,2021-03-27 11:45:00,1837,12
OK,2021-03-27 15:21:00,1838,16
Maintenance,2021-03-29 08:15:00,1839,1
OK,2021-03-29 09:06:00,1840,12
OK,2021-03-29 12:10:00,1841,16
OK,2021-03-29 17:44:00,1842,16
OK,2021-03-29 20:04:00,1843,16
OK,2021-03-30 12:06:00,1844,12
OK,2021-03-30 13:38:00,1845,8
OK,2021-03-31 09:35:00,1846,12
OK,2021-03-31 15:30:00,1847,16
OK,2021-04-01 10:11:00,1848,12
OK,2021-04-01 11:49:00,1849,8
OK,2021-04-01 14:29:00,1850,16
OK,2021-04-01 17:47:00,1851,16
OK,2021-04-01 20:52:00,1852,16
OK,2021-04-03 10:29:00,1853,12
OK,2021-04-03 13:18:00,1854,16
OK,2021-04-04 10:02:00,1855,12
OK,2021-04-04 13:10:00,1856,16
Maintenance,2021-04-05 11:02:00,1857,1
OK,2021-04-05 12:04:00,1858,12
OK,2021-04-05 14:37:00,1859,16
OK,2021-04-05 16:43:00,1860,16
